userid,MoneyScore
5bc4cd88-8c35-491f-b530-95f2735fc921,7494
d560acdf-5c5e-44a6-8fa0-caeb6cf3b7b8,4158
65ff4fee-49fd-4d0d-8c48-fc1ee5d2c8a9,2670
c62a9866-d39e-4d5d-9aa7-82ce56ee4d24,1386
63d2e75d-3fb5-43ab-ace0-589545e88063,1350
e462bcdc-73a3-4438-8a9e-56587a1e814a,1272
0fb5477f-c6ff-4359-897f-f2b04584602c,1158
8bd5495d-27a1-4644-8d91-1d31e7bb824f,1020
ebe17ed0-73bc-482f-b631-692bdce9db74,996
44bcab42-6dc9-4357-8fe7-ccae1b338b24,804
5f358193-0520-4c18-a3c6-7de415eeb3b2,672
80115c2f-7159-4ffe-a32c-0d9b670405c2,654
35908a80-10e5-4232-849b-fa59d9f67509,624
e035d318-e0f5-4490-967c-608848fb8ff2,432
854a3f99-e62b-4bd9-9c3e-8b17e1e9f0b5,510
435d48fb-93ef-40c4-88a7-63188d6f8b57,444
51c06970-1a89-4116-959f-4f11780b19da,444
d47f2ef4-e1ea-4607-b051-75896f8c7a10,450
13fde846-bfb5-40b3-b1e4-9b4cf20a3bca,414
8f5dfbff-d78e-4341-903d-52d282af8edb,414
dcdd3a31-001a-4fd3-b604-93ebb4b93708,408
6cae186a-f762-4cb4-aacb-66b682981b8c,360
3d06ffd6-5553-443b-8d46-040c5f2ff21b,336
ac185088-7c76-44c3-8259-6414b140981d,336
a46af79c-31ba-4af0-8945-a22239701657,312
3f4adada-b4b5-44b5-b484-1f92f933cbe1,306
47048547-7b4b-4bd7-b57d-70a73da0bb02,306
b7655837-b7a2-4098-8f5d-e38b227935d8,306
4b985416-6e61-442e-98c8-41a070688250,300
d80828e2-c525-442f-bcca-92482df53ee4,258
8f2ce673-e6cd-42c0-b93e-95bf497aa17f,252
89edecaa-694c-4889-8b1f-c43cd3eada04,258
0313416a-c930-4d51-895a-3b3adcc59afe,234
14748215-9311-4641-a75b-962a2fca20bb,210
47103ade-8aca-4296-b984-51c0e1294894,210
4b72f57d-961d-461e-8d43-84f78683a548,204
ecf59ee3-21cf-489b-bce8-aa7b08f7771b,204
13f17416-a8ba-467f-88d6-409b2f7d32f7,198
54d95282-ee1e-4992-8f57-f4bd222f9db5,198
887731bc-dfaa-46e4-a7d6-ff83c2fddb05,198
e5f2b761-b5b9-45c3-9372-2ed1f36a3e30,198
6f988762-6eaa-4186-bdc2-56490c90219e,180
94d7e6ba-a4d3-4474-892d-b40b8d972455,156
34c73de7-313e-4fdb-9c60-11fae7a62f39,150
45130b65-142f-4837-93f5-cab3bf3ea568,150
6eb8944c-69ca-4542-b985-26e43bd2d3c1,150
caf81220-cac7-41ce-883f-46c81758da48,150
9cad06fb-105a-43da-8f99-70bbdcba78f6,138
16ff5567-2fe8-47fb-b0f0-3f3bb6977950,132
a5139770-9a25-44c4-bf07-147f65e924ab,132
eae090d1-46ed-4dff-9292-540ce761cf1e,132
de0d85af-0cf3-47c7-9c2d-41b78e2fdd7d,126
3cac2c60-4eb3-4457-ac15-4ab1749cda7b,126
181260a5-69d2-4baa-867c-ecb10232913a,114
36c6b5bf-e18e-4f1d-9bce-e4d93a81e722,114
a8daee7a-deca-4fb5-a0a5-0d49bfe13788,114
f7f9decd-7b54-4153-bb0f-fc5f56031133,108
0360a4cf-3a7a-437a-adce-44fcd8769b58,102
119aca6c-9fcd-446b-8553-b86bfc316434,102
a4762912-f7be-4164-ad5f-73b67a388a09,84
f80fdee7-315a-4929-bed1-337aa1c2640c,102
02309e50-e869-4a67-9c1e-ce77577bcf8d,96
7ac7a2ed-91ce-423d-abfb-76c322cdfd5e,96
9c6c3a0a-8f94-4173-9c85-c8db9385fc14,96
e9493e9c-e2f3-4548-9412-2a3e8c1871d4,90
246f17a1-d579-4461-9a1c-d92721880cc5,84
bccff792-ba30-469c-a70e-4f5d72f0d1e3,84
f91b2606-1e49-49ba-8d7f-b161a9732794,84
7e0b0d10-f809-4767-a3a8-8061745e5575,78
84e2d22c-2f99-4a01-9b40-e7b327c790dd,78
8922de02-59f7-4e2f-af9f-fc148c227c1c,78
aeb4b82b-8c9d-4c4f-9b30-a0b5ad21dc7e,78
c0c601e3-915d-4cdd-bb72-84c963293d97,78
d8267852-b6bd-4985-a1c4-3d17f7c00bb5,78
de800279-2e41-4336-b50b-b360167e6349,78
0377d856-0c7e-4e8d-82f8-cd356ee380c9,72
2393bf16-0aab-452d-af87-32cc02cdad43,72
289d048e-9347-4f0e-83f6-66249314cadc,72
35b3ac24-630e-49d5-bd90-5e89349e7467,72
65195d07-40a6-426d-ae47-849f7c920f45,72
9b59e580-4a1d-4dcd-b46f-341bf1fe7111,72
ca8a9c13-a517-4d5d-8041-8a2ac0718428,72
f2117c4c-42bd-451d-b2b6-455b8e31dc75,72
a6a22391-9ee2-4853-a990-ee4653fa259e,66
d015aefd-aa79-413d-a1ef-08bd500be914,66
f54aaa5d-ee17-4688-bba9-86efd82e4f7c,66
4f6637f4-3781-4602-abda-97a8bbbf0d98,60
a3ee7b24-3a2a-43cd-b9fb-a976bf9e449b,66
9dfb04f1-8dff-4386-903c-e93a5376787d,54
a8d2a7e5-e90b-4e30-81a4-a46dc2652a27,60
aaa9db5a-88a9-4b29-89b8-1134ff8a2f7a,54
ffd4e25b-2939-43c3-b38c-6ee3a4f321c5,54
82fa63bb-4fef-4640-a9ac-d2470fcebd23,48
ce4dfe9b-2d71-4574-a62a-22db8e2d5cae,48
598393d8-88b3-4f00-9825-13fe7ba54a74,42
7e919d46-e3be-4bf9-be99-25d68d0a8139,42
a70ac352-16ee-4816-b5f7-3fdc1fc70cbf,42
cfe58c9c-3580-4ad1-a902-bce19d853ea8,42
0d9c62fc-2a38-4858-8148-a96ced7c761d,36
188c600d-af69-4fa3-8a78-097418fb4c7b,36
2320d11d-8bce-4b29-9b5c-dc2af3f9a476,36
2f894e4d-3e73-46de-9e1b-68b382235723,36
5bd47203-0b23-4a95-801c-d9452a44e5b9,36
6933c110-af55-4a2b-b480-b4304f95e5b7,36
9807ffaa-2e70-4cee-a396-cf5974a477b4,36
a68db431-37df-4f20-8182-e96aa35da95f,36
d9791244-a825-48d5-a8b0-c0acc537a57b,36
f16ab41c-92bc-4e12-abd6-c0a5fe2ca5a1,36
f2877c5c-f68d-4d5a-9a67-bbdc8f26c65e,36
00c78813-a836-49b4-b2b6-947d56d14064,36
72388293-4e07-4e03-b122-01465ee83922,30
a14f1bbc-3443-40f3-80b1-c636c74f231c,30
bd17d9a1-d5a5-42a9-a6a9-52ad850608c6,30
e753ddf1-86e8-46ed-9b8b-240d030248dc,30
ef08ed18-a70f-49df-89ee-64d8a2541e38,30
2ac2f779-9c9b-4c66-9908-591a8906b205,24
3b471029-c8fa-4c3e-b0ad-53d72c3fadf8,24
72b9f5a9-9f79-446a-87f2-b91b294ea2c5,24
760348b6-ba62-43b2-9045-f4c971acc5af,24
9af5fe1c-b7bf-467c-a5fe-c3424ecfdc68,24
9cb438ab-d63a-4673-a9d2-c231bc177843,24
b80b83e1-8b26-416b-8c2a-173e58d0762b,24
c93ad17f-3410-4f3b-b445-7f330ece0f7b,24
dcdfb8cf-65f9-47f6-88fb-09608b290532,24
003d2336-f06d-44c7-8236-30b8ae054436,18
026eb009-3177-4373-ba80-b10f3080f511,18
09eb426d-34b1-40cd-937e-a58975499d32,18
0c8d4f4b-b3b8-4bde-bf09-80bbf5a73bc4,18
14d1d3b0-6d77-43cf-ba2b-5780922d1ede,18
3848f17d-fbd9-43f8-847c-5d9dfbdb5b22,18
3a78e0c4-847b-428f-81f9-bf61c766beb3,18
41e7b1e9-990c-4b94-8700-fba48206de77,18
4c3f3c29-b24f-449a-80f6-21c9e2b3ff15,18
4c5a9d16-4230-4146-81e7-9c947b1e6457,18
567e34d4-4ede-4094-a464-6912e3ea587f,18
622f3a6a-be3e-4025-904c-fd2250511af4,18
6d3a025f-2ad7-41d8-8a88-cde3cdc5201c,18
6e30971f-aee1-4845-9c7d-139702b00e8d,18
6f3f1acd-e15a-46e9-ab50-d0f804444933,18
8739cf2f-c33e-4463-9759-c659ae3c63c5,18
8a6e926a-2b4b-4a2f-b83a-49dcd66f1204,18
8c10de33-4c8a-498f-9e4d-674bd7164ff0,18
8ea2883c-18bd-4e59-b7c7-cf30b0a9af8a,18
9ce676ca-e92d-48b3-9944-5d46e0b157d6,18
9e108985-8a42-4bbe-8347-d18c8698110f,18
a38d490c-4c30-4345-ac47-3a15e2bbfa54,18
aa0ba733-aa74-43e3-900d-f4e6c46a6ba2,18
c3ff4a3f-f91c-4329-a759-aa7569b3ef1c,18
cadcc78e-d19c-4d58-bdae-708ee1980892,18
cea3b281-c0da-4ea5-8e75-605e5e7139d4,18
cf911cf0-64a3-4ab5-be11-24031a250712,18
dcadad83-e0ba-46aa-82b7-6f3d6fa6cea2,18
e054a7f1-8bcc-43d2-a5ce-9cc915f722ba,18
fb5daaee-eec5-4839-bb48-bf7b3c2ca834,18
fc921946-7b69-4338-884d-f2ceb81b12bd,18
03534303-3d21-4ead-86d7-2bd1b49507ad,12
04329dc3-87e9-405f-8280-eddf819e187e,12
0a983335-9993-4f56-a0b2-d61418e1af57,12
0c60f2cf-2882-4998-8e15-c1c2f10b63c4,12
16be862a-4343-4ee3-af63-81089aa72dff,12
1b593d8c-187d-4949-b5f5-b42ecc65ac30,12
1c3f15d6-b431-4fa9-b403-b095237398fd,12
21d3930e-c55c-432c-aaf8-b57ac41fcdc1,12
23132ccb-41a2-4d47-acaa-b2cf104d9123,12
23be89c3-6815-4963-bb06-d6bb72ae4316,12
2586bdaf-aea1-43d4-80c6-7cad9d9a6874,12
258989be-5c19-4fa2-b47a-c4ebebaca060,12
2626fbd0-c1fc-4a2a-87cb-ff4d111e6562,12
361ec031-54fe-42b5-aa20-b22eae41217a,12
3a9e66d3-8ad6-4963-a813-9f59dcf8381a,12
3bb20486-2056-45da-bca2-db7b3a53ed7a,12
3c43b060-37ef-4b74-aabd-a3d90fe2b779,12
40e4d095-b498-4cc1-86bd-3d52accd9d50,12
4268d060-5cf3-4a71-9ad7-99019d6b86dc,12
43b8cc99-cf2d-4ca6-9293-b5b4a653d96b,12
467704ad-c8e9-40c9-b64d-c60773ff3c3c,12
4791edd9-5cf5-4469-b8e0-b3d0c439aecd,12
47eac079-6dda-4e4e-9dfc-365cef573dfa,12
4886d239-4b12-4af0-bfe8-131278ab626e,12
4db42e20-41f6-48a3-b60d-ebb13fed97c2,12
511e5220-ffcd-415a-8422-f6bde5a55db9,12
550f2eb6-6e24-41a4-b029-e0016f372fea,12
58bb9d90-a287-4e37-82c4-06ebaa120c3e,12
59003bd4-74dc-4745-b8f8-549f2b944463,12
591aa624-9180-4d3b-b8ba-31639e49cb95,12
5f4480e4-ac2d-4e36-9f54-be85e1ff8512,12
6257e613-7d31-4970-9d29-8fd7b666f5b3,12
62cf3792-d515-4f2e-ab6b-dc18a3a9ce3d,12
7193a3b8-f59f-4147-a660-3076b18dda64,12
71bdf358-bee7-4e76-a3bc-7afa57afaed5,12
7ca36819-f742-414c-80a7-4e7d0691ca29,12
7e17fbb2-b859-4ba3-837a-0bdc80306343,12
7ea4a274-ff29-45ea-8a07-bc115a50e628,12
7f2e1635-a4bd-45b6-afb2-8015be2984be,12
83f75e90-b656-4197-bc9e-647447b5a22f,12
8482aee8-ddad-49fd-99d5-824c2e704320,12
8c5f0542-b99c-4c37-883a-ab3e3569fbae,12
958a41ca-1fad-4a2f-80f5-34e6bea09692,12
ac1cb141-a71f-4a69-88c6-c4fb937102d5,12
ad98e96f-c389-4d68-9619-97d5c77b6fb0,12
afd450a2-21d3-4468-8e1b-a3d9c9ec5071,12
bf9ca4d4-7e2c-4ebb-b21a-3b0e3ecf0d43,12
c2f01e96-1faf-459a-85c0-30e58864449e,12
c59697f8-763c-4fb9-9a8a-119b00fc5aef,12
cbb5144c-8035-4e2b-9c05-37cce55fb62f,12
ccb22551-8a80-49fe-9d8b-73b0fe3dce43,12
ced040e9-4d7e-41d4-a1ea-18aa10b8cd8b,12
d079d043-fcf0-410a-b349-30df295e316c,12
d0c51712-0b17-40d7-bfc5-8fb20dd1043a,12
d248b17d-1155-4a9d-a730-bdd3f4911e13,12
da3d716b-b5f6-4b46-bed8-d5601cfe52e8,12
dd72b68a-37fe-4711-8028-db4b0585f9eb,12
e1c10515-d88d-49f2-b057-a21e6087a9d7,12
e44c46e3-1882-440b-9a9e-a83a366bb3eb,12
eec4a4a8-fb62-4db6-864d-2dbea4aec6fb,12
ef871062-486c-42db-949b-d77451355a06,12
f07917e3-dfb5-47f6-95ef-eb0cc34ae552,12
f18f6a18-d3fe-4593-844e-49b3ec873de6,12
f6c5793e-a255-46d5-92a4-b3c4faede040,12
004e25b7-f804-4402-bdd9-c082092bfb4f,6
015ed4f4-8f44-42ce-bea8-48500d6651a9,6
0176d28d-4536-4260-b5b8-eb3ab2113e23,6
01817c5c-97d0-4f74-a7a5-a5e6cb3d0ce3,6
0214dd34-8b6e-4982-b287-70b4470f7658,6
021a031a-7116-4389-925b-552e49462fe7,6
03178326-9926-41b1-b0e7-e0cb74e7c0ca,6
031ad586-2a18-43e6-80e4-ec647cf428ec,6
031b895d-8503-4564-a571-accab12aa902,6
031ed28c-d715-4b80-bd09-12493f28d3a1,6
0352b13f-a2ae-4bf0-99d4-1794e5a86558,6
0379dd83-314d-4496-aa6d-1d2a94b82faa,6
0458c109-4691-4db3-9ef8-35f5cd5ecba9,6
04b43b8b-8bf8-4e91-b0d9-f81514f88a08,6
05547fb6-60c6-4cac-b3f9-b95073ca7cac,6
061f6b31-40b7-43ac-8d9b-2187b051ab66,6
07040a42-eb05-4255-9d01-e46ae5b9d13d,6
08ad22c0-d40c-4bc5-93da-4212fffe395f,6
08fc3344-1b21-4630-b64b-9cbff2d7ecaa,6
0944ad79-d042-42f0-b73a-4a4984d72a79,6
09b4c642-0f87-47c3-9136-69430594d392,6
09f57f81-ac70-4ab0-8996-928bf451e096,6
0a1e841c-571b-4431-951d-2f735ac994c4,6
0c5a7024-5d3f-48ba-b0c0-3ddd2c60c90c,6
0e5547d6-cb33-43d6-b74c-de19077a3a85,6
0e78d02c-c5fd-4178-b98f-8e6cbea7a06e,6
0ed85f32-7869-454e-a0ea-781ad0d31638,6
0f428a8c-6d71-410c-a7ad-25e4c9332a56,6
0f7c02b3-71a6-48a9-811a-82200aa11e76,6
0f9a9717-d2de-4368-b446-ce9923554962,6
1060cdba-0d6a-40ae-9b08-5ecf7227cf37,6
10a66b0d-d00b-4ff1-ab4f-c6ab1fa6b339,6
111543e5-6577-4fea-a5ee-e5bc4233abd3,6
11326524-a9de-4401-818f-b4e818476f71,6
1216677e-c4f3-44cb-99af-f677b2f4e791,6
12573a52-df58-46ee-acec-35f0c4f546ac,6
12760072-0bfc-433f-849c-c8741587ce44,6
133fbc2f-da7b-4b88-a58a-d7179d4d8bbc,6
140ea715-73df-40d7-a730-cf6d4b3a08a8,6
154cb561-5198-48ab-900f-cc928f73258c,6
156aad3b-e9c6-46dd-bb62-2b45938838c4,6
157ede63-672a-41a1-849c-88e83a816839,6
1602d393-ef47-431e-9b42-956119bd3297,6
1621d0a4-d2dc-4f6a-b1a9-9d1d2ccfcab0,6
1634e92a-0fed-4d4d-a6b2-ee1cc031460e,6
191b054e-8406-411b-ad9b-08e9e0507770,6
1936e577-e762-4b45-a398-b40efd3845d1,6
19d469cd-de29-4b5b-a14e-f57fa6cacb61,6
19d4b78b-33d8-4a7d-bd10-fc4cf2c408ff,6
1ba05a08-2a8f-41eb-85ce-52f85d4e2a74,6
1d27c56e-c5da-408b-9ea0-3634ed464e0a,6
1ee6264a-5801-4b4f-a2ed-2fa9463cb7c3,6
1efb39a8-9013-4d1e-af30-b0cac26d8bdc,6
1fb9e2aa-fd57-48ad-ba3e-c76e526ce102,6
208f7820-4eed-4ec5-b3b2-337d693af823,6
213670be-70be-4444-87b9-4b659dbd3dac,6
21ab6ec8-83f7-47d1-a389-9d893540beeb,6
21d70626-3181-4a3f-bca1-13867ef9172d,6
22ef6164-37b8-4ddc-af3d-915bf7a6d81e,6
239df75b-b22c-4639-854c-6d7d969fc4d2,6
23e69ce4-bd33-40a3-8c73-cccfc672fac2,6
240812b1-e017-4f0d-8480-e5cf32f650c4,6
248e674c-f256-4fee-b610-ff049e2a9405,6
26669470-91f2-4905-936d-12c181836e79,6
277a09d7-6356-4fd5-85b1-92e4ce72d20a,6
2867303a-9e58-44a2-94a2-570f1d8f254d,6
28ee539c-ce35-497d-a05a-aa341a6cfc30,6
2da36424-04f6-452f-857a-769cda60e53a,6
2e7a0b63-863b-4ca4-bfa1-212864f8c76d,6
2fc09585-beac-4703-b2a8-ee0f771b18f2,6
2ff2abfa-dc08-4ea5-9300-9828846bc8fc,6
3065cd30-30c3-44e4-b231-229b8e3e5d97,6
30e8640b-6e4c-4977-b3b0-c0c9b50ac4a6,6
31367b8b-2fb5-427e-92a4-4cfd0b249637,6
316c95c8-59f6-47f1-81c0-40b39c1ac9e2,6
32f22b67-9c65-4761-a654-3455207b93b2,6
330775b2-bf78-4c48-8b69-33cd4c9be06b,6
332d2c9f-95a0-43b8-b085-e6f8e95dd62e,6
345ba3f2-f741-41e3-8d0f-ae6b41b11670,6
355071c2-652b-46ab-b997-cc4ea85fe252,6
35670b75-6be7-4647-93e4-aa594df92c06,6
36302004-a8f0-45d3-bcfd-7d659e545658,6
36544535-0546-4f09-b0ca-a9f3a7c99694,6
36586399-f58c-4ae5-a43c-fca88044467e,6
37526251-900c-4adf-9fa6-17161e336181,6
37bcc624-7736-449e-bd48-5e0c311e80d7,6
389f126c-c6ea-4a45-99a5-c767793d85f8,6
38e706c4-d7c5-4643-aa15-3cf86e27b021,6
3a18032f-a211-4c8a-be4d-853a9a13a9f9,6
3a275a65-e2b5-40d2-a372-d6ecdd0598da,6
3a770e24-0fbe-4124-a7e7-604dfc1814e9,6
3bd86ab3-f2b8-4827-8ba3-c0c578dc60b7,6
3daf2204-6e6e-44d5-9c6a-10259c33ef50,6
3e3ba936-e5a5-4231-a934-32ad937eb9fc,6
3f172fc2-8096-447d-9989-cc963b27d326,6
3f7eb201-85e6-45bc-b9f2-ad87b8bde855,6
3faf2665-5430-4fb0-bebf-09a315999c03,6
3fb1fb2f-acef-49e4-b50b-023f2ec0060d,6
403a4ecb-d96c-4cab-a272-6f5ee2a2ebce,6
41432c0e-80bc-413b-b543-8e2bd5da44a8,6
417059c2-67be-4116-94a2-9fa8b195ea2b,6
419aa27f-1998-4db4-b426-0324d737ea74,6
43393ca0-eff9-4778-a367-93d4934c81df,6
43c285eb-ab78-4d5e-b609-ea555e5fd2cb,6
44b44e4c-03de-4a6a-8663-8d60f7d5843b,6
44db93c4-4258-48ad-8d1f-9cff3cab0dc2,6
450d74d8-3583-4930-a82c-aa07663cd4af,6
461dc76e-be93-43a5-b8d6-59992bcb3643,6
4682359b-403e-44e0-b65f-c35a1e84cd50,6
46eb301e-1ad2-41f0-9e89-7425903d1b6e,6
46f9207b-ed2f-44ce-a137-12384a61026b,6
471214fa-c459-4e8c-8bd0-17c717f3e562,6
47995771-2826-4092-8a95-7a18db9f55e7,6
47a5b4e4-1293-4466-b8ac-19424781512d,6
480b9908-5725-4264-b467-2d7f9e897c37,6
489ac429-8b4a-45cd-b5fe-68035a37749d,6
49245202-cb4f-4da6-8650-2f03ab67d71a,6
496ece0b-d5a8-46ff-a236-4e9f528ab783,6
4b83d22a-9522-4682-b993-b2e8921566a7,6
4bb96ced-12b1-46b7-9de1-cdfa63e0b818,6
4c87ba8d-721d-4046-8f9c-857acee75eff,6
4cea182b-e397-44bf-8a02-c7079dd54ea1,6
4d21e050-4794-49bb-9efc-efd22bc1f631,6
4d2a8d4a-8d29-4ef0-a9d0-a0c613c5ad41,0
4d81e8ab-8c08-4757-9821-f5910d3e4c82,6
4d86f6a4-0391-473b-8a13-dc9fde700be6,6
4e8b8e9e-377f-4373-835a-fb007090a5c0,6
4ec1a537-ae7b-4ac4-8dc3-cbf20a3de738,6
50bfa170-ab09-4b06-afe3-7ec2af1665e4,6
50cc6979-e869-4818-a3ae-59da6ad62f42,6
51b85411-d1cc-4448-bcd2-052453e3bbee,6
52a5b0c1-42b5-4864-a59e-cd8c117a574c,6
53cf06cf-fc29-443e-8a94-1371b5d4978a,6
5425aa21-8c53-4d3b-b747-2c52786cae8a,6
55490210-8159-48dc-9da6-94e693cc591b,6
55d9d73e-8b9b-4caa-b3ba-cd304f26a594,6
562c5018-5661-43f2-817c-22b2ca3b9060,6
5631d558-8070-408f-b91b-968d77ee7053,6
56378bdd-6587-41b6-91a3-2db4c19ab749,6
57142e00-ba76-40c5-9188-82696d8bed75,6
575a9d8e-0c8c-49c8-8c8d-d19f03d7edca,6
577ce682-32ef-4182-a07c-bac4f0903120,6
57b09aeb-7b02-442c-8210-49be53c4ff70,6
57e76bf4-df56-439f-98ec-917283ff2f29,6
58294096-2dd9-4abd-b9b2-82c1bf6935ad,6
5885e997-2bb4-462f-8d60-5b6a7cf741db,6
58da31f2-1693-4de0-9b55-396cf404282b,6
595b5b0b-38e4-4eb7-855b-775ba5591c49,6
59739288-9db9-4b69-b2d8-26d08889bb7a,6
59bfcce4-aae2-4efc-8ffe-66073f23c519,6
5a48d060-e7c1-4781-8346-61c7391f505e,6
5acb19be-a216-4329-9256-3365c6d57e78,6
5aedccd3-ae54-4d5e-abf1-bfbf3254b416,6
5cf57601-4b39-4382-be10-2b173c6d795e,6
5db694fe-0959-4bd9-955e-2dcb4f213e22,6
5e2897f0-64cc-43ae-98e7-6e343bc88338,6
5fa5b2a5-a6a7-496d-a15a-af0613ec1173,6
5ff79d34-231e-4361-8a72-6321e0c90f47,6
5ffadb0c-1ba4-48f0-99ba-4e15b3c894cb,6
6007ec4e-1648-4501-af63-a1093916f580,6
60080690-37e0-44e2-a3a1-0e0f8fe59408,6
603d31e4-6f20-4dcd-b366-734a9a574050,6
605eba7c-9e1b-42f6-b267-b085eb474acc,6
60646503-337a-436c-8b34-0c176443a0d1,6
60ac02ee-2257-455a-84e1-715423489840,6
61a215d8-cb0c-48f1-9393-fd3640180228,6
61d2b5d3-0925-4b83-a865-0c48adad1df7,6
62a081cc-12fb-48e0-aabc-ac3a437e4a43,6
63a552b0-8d9f-4e02-b05a-6ef12423af90,6
6407c758-e3a6-44de-bb47-f0677040d7dc,6
643e143f-8074-4041-8eb5-b55787010539,6
65380d23-445f-43f8-83aa-53c82d1c8750,6
658350cd-776b-458d-ba4b-2f941f11ca14,6
65f96179-7a14-4d13-9960-44dbda998222,6
661d01ca-c041-42ee-a175-a275236bdacc,6
6636a264-0911-4105-a2d1-419b2f452844,6
66b28b51-dd36-4708-aa73-6c53375c0437,6
675f6927-da15-496b-8952-d6598e2eb971,6
67ae0467-e14f-4a0a-9f21-58c243a48212,6
67feb0de-3037-4da0-9241-bf3b2a6e0d7a,6
698fe621-6883-4352-9d48-af3661cb15f8,6
69c5e6cf-2c12-4802-a149-1e737bf291f7,6
6a7fa1d1-6ccf-4a04-9028-457b607bc52a,6
6b036121-0a9b-48bc-bd2f-56b149b9298c,6
6b9768e8-efde-4bef-a559-fda013f9d577,6
6d0ac391-61e5-4deb-915e-bb48cfff7f8a,6
6d90c272-4bc4-45e1-bd70-f7328378e166,6
6e361351-5372-4468-adaf-91a762bf2718,6
6e84ecc7-2d63-4a4a-a315-733098eb9f0a,6
6eab0bb8-72bf-42c4-bce9-bd4b0cdf61b6,6
6ebf9076-2849-4380-8d90-778d5332cd16,6
6ef76f46-9e57-4cfe-a512-cae1e46020fb,6
6f39c658-4002-49d2-bfd1-4101a445daae,6
6f7a078c-6b03-491f-b22f-0d04f6f31364,6
703d77a0-5adc-48aa-bef5-2d4c03cb0c41,6
7092825b-b341-4b3e-8dbd-c4a31341cc0d,6
71092e39-dceb-49ab-87db-d06721dddd48,6
71de3d1d-0aa7-4306-8fc6-6d8c07dc442b,6
724666c3-fbff-4b63-accc-f72d5c57a84d,6
73859252-68a0-4bf1-9906-931d6d0ee4a5,6
74054dc0-ac3f-476f-9bbe-4a5a295d93e8,6
770bb2c8-0460-4ce6-9347-0fe829324387,6
776db5b8-292e-40fd-9ac9-c07a04a44a10,6
77992cd9-1415-48c5-9531-6eedf196aa31,6
780f2953-36f7-4e4a-b946-bbbc178de380,6
786326c8-2a89-490e-9230-f0e3d0e6ceb2,6
788c3b53-59e6-429a-aaa3-b90f76afbc1f,6
78ab7af5-c1c3-4083-bb5c-622e1391938c,6
79ed0ad9-05a4-4db5-bb1c-bba640268c15,6
7a99a4d1-64ee-4926-9860-84bc359a9a81,6
7ac3a11a-b770-4a4f-a42f-46378c5eaf1f,6
7b4c31a1-5df6-4a29-ae3a-de829b7def31,6
7bb49957-303d-4ca3-a701-d84422360db7,6
7c977a7c-1e93-48d7-bda0-c7d4d66d548d,6
7d14a8b6-70d8-4bf2-94b2-41698ba2632d,6
7d34db06-9146-472f-b035-d4e3d30497db,6
7e522b38-1ee0-4001-b899-ae85faa2f3ca,6
7e667694-13dc-490e-979b-fd41021a7b3f,6
7f73adbb-8e3a-4027-8482-8c0382192080,6
7fcfd375-95ea-49ab-9ba6-d35abe623f69,6
807ed37b-ae7b-4a86-9338-3853f81d61d8,6
80a3ca81-37c0-4eb2-a2c6-cb5a901ca4e7,6
80e22a9f-a857-4d47-923f-fa52ddc0490d,6
811ad220-2e26-4d11-826a-6bf5afba3191,6
81971ac5-4928-4067-aed6-8640d4d51024,6
828b11dd-8eef-4de5-a122-63faa771df82,6
833286d7-1ea3-46ff-ae01-6de6471f15f6,6
835b7e51-5c9f-4e47-9cc7-915881970896,6
83c5641b-e310-42fd-a35f-c55ff32a3f3f,6
841b741c-b510-44ce-bbd6-7f9b7e30e4e9,6
849ddb41-bd6e-4c8a-9fe3-02e1bddbdaa7,6
84a1fd87-f38c-4e03-bab9-dbc4baa71813,6
84aaa2f6-172f-44d5-a405-16eec991d391,6
85065fee-7c34-41c8-b86a-dc4b6ec85c0d,6
851dd3f0-2019-415b-9ec5-6445c9bda9ef,6
85b88ebd-fb42-4d1f-bf4a-771bbb321131,6
85f41c79-8009-429f-b80f-b3aa71cb8056,6
861e9a56-4a73-4644-bbf2-911cdff4b481,6
86b96e91-ca5f-406d-ae7e-2219a3b6342e,6
870ad367-a05b-498b-a855-6d820105646d,6
877405a8-7652-4ae4-916b-ae88d10e746f,6
87ceb74f-b316-4413-bb10-0544e0f50ab6,6
8854aaa3-681d-46fd-b040-f886d4156b73,6
88960da5-3ba7-4557-ba64-4507fb7bdf76,6
88e1d44e-42df-4f7d-869c-e5d8abb1d0a5,6
8977581b-b341-47c1-ac2c-419ab27d6ae9,6
8b79b5e1-a757-44e5-8938-98f4d35c51c0,6
8b7e28d1-1078-4ffa-8646-c93bd111df86,6
8be1afc9-d980-478f-975b-e42756f069af,6
8c70b04c-e118-44c8-8792-8f9fb4069a26,6
8c8a0f99-7334-4540-8f6a-c8ffa1ef0f93,6
8ceaf449-599d-4714-88fb-8c5a71c43a83,6
8d0c5e60-a64b-470f-9e89-67c79fa4f2c2,6
8dd2ae83-6be2-4c53-abdb-543b745d02d1,6
8de596fd-6c98-4271-8b97-2c8be2b1756c,6
8e498dc9-b523-40cf-b7aa-82b3537808d0,6
8ebac047-98fb-4679-846a-4de663115ed5,6
90687ee3-d5a6-4b07-aa64-fa1db97e4fd6,6
906a3c81-e915-41d7-8920-158fddcf99d6,6
90f66bf3-945b-4ddd-aee9-16d28e8fd4d6,6
914aa692-3d2d-4908-9d16-c229df4d2fd6,6
91cd44f0-975a-4329-b0e8-5894c9a4c8dd,6
921552c9-dfb0-4372-a41b-9321dddd1219,6
9237c86f-a7a4-439a-98bc-be59fa8a27cb,6
935312c5-384c-418b-8b35-f5d8d811da4b,6
93e6dab9-7976-4510-8e49-c1b18ef76064,6
944b8c99-b4c3-432a-8ee7-ad80e7641fd9,6
955a48c5-0747-4e38-a847-23ee334b362c,6
95c2749d-ac2d-4306-8fbc-363147a1915a,6
973c2822-ff43-4179-805e-39887679320d,6
9817a7e7-ca38-49c1-82b3-0d418bbfa852,6
9ba83e4a-a77c-41c9-9808-9cc150a00afe,6
9c812e35-9974-477f-8ea3-9049ae996833,6
9dd4ea2f-246b-4f67-bbb2-ddbb94b202b8,6
9e70dacc-a488-4f74-9401-170954735763,6
9f7b3bc7-d811-433c-a73e-df634f726111,6
a1840fa0-be02-4a00-ae3a-6835d369758a,6
a187c8c5-cd64-41eb-8747-6e73225ef49b,6
a1c5bd79-719d-4894-b413-db69417a4a8b,6
a2de808c-192e-43bf-9349-8af3a10fcdd4,6
a3512ec6-4d76-41f2-a73f-87c0edc59691,6
a4a5548b-79e6-4961-a316-5df7b8eb0215,6
a4ca0830-4ab5-4edc-a22d-b34ba321c358,6
a5378fd3-62da-4e22-b13c-7c1505a925d4,6
a5707697-5241-41c3-996e-2b22b447bb1b,6
a5ea6e3f-96f5-4e5f-9663-2b5fd63daca0,6
a7277351-b0f6-4ee6-9dbc-ccfe3a2897e6,6
a72a41d1-e017-499d-a184-62240491dc27,6
a794317b-054f-4a3a-be71-bffa925446e5,6
a890de2f-3045-49ed-acd6-9c5eeeaae4fb,6
a8d40c89-c83a-46db-9b4e-375265fb8144,6
a9575f7c-1342-4999-bed2-89040785c623,6
a9694233-f41b-4bc3-a715-94a851d9841f,6
aa13f09a-471e-49c0-98e4-e95208802846,6
ab48919f-85eb-4ad4-8fea-744c1d195a4e,6
ad5791cd-c719-43b5-b3f2-bc85949df3cb,6
ade87c43-b362-42a7-99a8-da4e9ed7b3a2,6
ae158cae-66ac-420f-a459-2d98405ee73b,6
af2856a4-c0df-44f4-bb1b-43fdc082a9fb,6
b14bde17-fe1d-4037-8047-9850a2bce122,6
b1ac328c-7e44-423e-aa6e-90948373fcad,6
b26eac2c-3e50-4e92-8bc2-8eced971be9e,6
b27f5d9b-5d44-43b9-88e1-98780748252a,6
b4034413-ee3b-4ef8-bf1f-9c61e678a9be,6
b6e61108-097c-429f-9c9d-d77fbb6d4314,6
b7cfe9e8-443c-43f1-aa5a-7e3e2430c060,6
b7eda319-cfd5-470b-9939-4269abed6adf,6
b819f97f-e8d2-4ab1-b856-b6f0c79eb543,6
b8f1de0a-d493-436b-a764-b6e53b1a5223,6
b8f820c7-e00b-4d0b-9df3-800fb0982e4f,6
b9020f38-35b6-4629-bd9a-cbdfe9db837c,6
b970e33f-73a5-4020-acc0-080af19fbead,6
b9b79cad-fd6f-4c61-a7ce-8af26b2d0801,6
b9d01139-243a-4cbf-9072-c86067a5a884,6
ba194611-b3b4-43fd-bba6-6250f2abf6a2,6
bba15083-d595-4870-9c8b-c370a736d82c,6
bd60e409-b716-4091-be35-652ca017b787,6
bd653554-4eec-497a-bcea-0d92eabeafe0,6
bdf3852d-d246-4655-97c4-4e8f3b8dfdc5,6
bed5ed73-4b00-426f-84b6-30d0f1b27171,6
bf4327e0-aed3-42cc-8dba-65332f2b8866,6
bfe3a3ee-7519-4298-98bd-b57a58dd1483,6
c074506d-5ef5-408d-989f-5b3a085b8eda,6
c0c733a6-0702-4de9-b641-1fd576dc5d9b,6
c0d51b7d-0821-4bfb-8f4e-cadc2bc44550,6
c0e88a33-152a-4599-823a-12974bbe57c8,6
c0f200fa-977d-440c-8e40-23d6ca84b3df,6
c0fda100-ca69-4162-ab2f-18697d9d3a09,6
c1cba6fa-3601-44a4-8125-c8a711cfa8b3,6
c2b9de3a-0458-427c-8a39-1bbbd0491f5e,6
c3a6b4af-25b3-44c8-ae22-48838776bdd8,6
c3f325b2-5820-4f79-b48f-8a0e33775092,6
c431694e-8e07-4ef4-9bd5-6014bd5c0003,6
c4cf14ec-50ff-4819-b5cd-3aa44d959e9a,6
c4d2d41e-49c0-4475-9521-13f8425704fe,6
c5593bfd-df98-4ac3-b4c2-ee9b4dc9f4ed,6
c5b1872a-e0ba-4ba2-a603-db278b859e8a,6
c6cf73f3-9d3e-405f-b1eb-20200c5d66a8,6
c73c7d36-0461-40c9-b674-20daa78cfb51,6
c7a8ff91-77d8-43fc-bae1-8d4b9dfaa124,6
c7aec590-3893-4675-a1a2-7490ff5c67dc,6
c890f709-0d37-4c49-9f7b-4d50ec7da51e,6
c9816e74-44ce-4f06-82dc-0a600de7317d,6
ca3e4124-e4f4-40b9-9895-6501179e2119,6
cabd3b0d-8735-48c2-a76b-96810834b888,6
cace2e33-c3eb-4a84-8beb-e5486f48a4f6,6
ce737c79-526b-4ca9-9d09-5b8e17ecb1fb,6
cf38f3ab-abde-4f8a-9860-3c541c004705,6
d18a692e-9e7a-4bd7-ab42-74aa805726da,6
d2e59598-e6ab-4c21-a19f-a1959717ce53,6
d33e7770-8b85-4abc-bbd7-9dc378150cd9,6
d35636ee-d0d5-4c8a-b41b-19d71d28eb96,6
d3961d45-c9da-4144-9f5b-71bd7aed1743,6
d45564a3-9f7b-4137-8316-5aa451abd7b9,6
d484da0c-66b6-4d16-8010-cd4b60e5ec9b,6
d4fc2758-a109-440e-aaab-aac44d756703,6
d52eefa5-9cf6-435e-b206-a2d03f251731,6
d5ebc9e9-4d03-4c96-9ce4-3571e1cb0e56,6
d6e43694-2913-4a48-b9c8-ecdb55545a82,6
d7819fef-b618-4007-b9a5-d1a2cb798a1f,6
d7b15f7f-e5df-477a-934c-64078e2d18a4,6
d84201d7-ce7f-42e1-aad9-46cdefa10b30,6
d866e098-5b0e-4c73-8535-3bcb9e8cbd60,6
d9ead574-5c60-4fda-a15c-927cc63b209e,6
daff7642-d28d-48d6-901c-57912990c6fe,6
ddd38b82-2053-483c-91a1-cde693b5f9c3,6
de4e6e81-930e-4333-8a46-0c4d9be60635,6
dea34751-611c-40b5-92fa-fbd1329fb6da,6
df77e444-df56-4cd4-9561-bdfef3b40114,6
df8e1689-e526-4536-b7e6-c6b596a7ce4d,6
e16bf3ed-610c-4431-a5b7-05a73b6b3601,6
e1bf1753-39a0-4eb7-a1eb-5d8593bd4628,6
e1f6cd48-8256-44d5-a5eb-4b4eec7c23f5,6
e23c2ff2-379a-43e1-8741-da2df065e12e,6
e2683bfc-c02d-453a-9d76-7c52b39aedd4,6
e32962b5-0676-4ea0-8444-cf032665f64e,6
e3b4d2f5-2092-406c-a4ab-01b9f2f20a55,6
e46483e1-ebd3-4f29-9143-50e28168f152,6
e56ada89-4f0b-4cbc-be7d-738f24ecde2e,6
e57aa91d-7634-4f14-bdd3-b714cc0466c6,6
e59da508-c1f5-4034-8fcd-c65cddf0be45,6
e63284fa-9663-4214-b95e-8937f8a970e0,6
e663ebbc-8dfd-4d69-8e2a-165d4961f126,6
e8364a8d-b92c-4ffb-b9f6-ed3f798d5591,6
e8af480d-29d4-4336-ab3b-b83076011e5d,6
e97addf4-2be2-4bc3-9bba-da6a80306adc,6
eaf16c19-3db0-4f23-8188-b488910621c6,6
eb026758-3c60-4e8d-8936-dc70cec7c3c7,6
eb1ef967-4c8a-4db6-b387-bae7e00f7086,6
ecc85bd5-c92c-4407-bd18-7297e1042a64,6
ecee7931-2f54-4c8e-99ab-d7115a44baaa,6
ed5f6880-5037-4189-a67f-838c7ada02c5,6
ed71173b-2f40-4a5e-bf02-ec1ad248f6f7,6
ee370e8b-e63e-49cb-9a8c-84767329adff,6
ef08de19-8376-4e65-9412-6c854e870295,6
efc99919-61e8-4d8d-a7f2-8f29c825a15f,6
f02d90cb-44e8-4313-a268-894244703bf6,6
f0d79909-899d-46b0-8013-42dc5b74f72d,6
f23dbc05-b665-4d0b-baf6-b89d52f583eb,6
f258e84c-2735-44d3-bd7a-3c66395fdd0f,6
f2ccc496-db56-444d-925a-4b903b3f9eef,6
f334fb23-cde2-47ab-ac38-84b3ae53bdca,6
f3438661-04f6-4c8d-b85a-788dc2661c1f,6
f3aab4cf-bc92-48c8-9bc2-12c7e25a66f8,6
f3fe9e58-9db0-459d-aae0-f94197170a87,6
f43b243f-7cd8-41c8-9bbe-0a281a56cd23,6
f47b9304-fc5c-47a7-9621-8c06c70026a4,6
f4e5d8f5-1ee2-447c-bc97-62f39014a76f,6
f6239e9d-594f-48ac-a603-b2edb6f9d772,6
f635759e-45fa-4202-86df-9969ccb05aa6,6
f78c6ba2-f001-4dc6-bf80-610ce7b91223,6
f8119f36-5627-44ff-a410-880494f29f37,6
f8f1b17c-6063-434d-b642-945a22c26c6c,6
f97bf5b0-8fe5-45d7-9315-748a95941eec,6
f9d82cb8-abac-47c5-8b22-5b381967c646,6
fa36b4fb-c380-4b9b-96c7-7262a7e0c13b,6
fa479e27-e1b7-4b00-bfa5-76ecdfad5a12,6
fac22aab-cb7d-4f92-810e-b152e7f0261f,6
fb70b0da-cef8-4b56-921d-90603a6712e2,6
fbf18a36-4d55-495e-bffb-f24aaae99936,6
fda03a06-f633-4753-b215-cd4c8508ca59,6
fe68dd4c-61f5-4ec8-81a2-0388bbadf55a,6
febf9dd8-1d0a-4b87-87f3-81ec30aff1e6,6
ff67676b-2b2c-4f14-8b29-854dec8d22ec,6
29c3b852-16f0-4420-b61c-a93bdbb0665d,601
